team,fifa_sum_rating,fifa_sum_matches
Spain,1611.5829708997296,438
Argentina,1592.6743230637414,466
France,1583.8154654672553,448
England,1508.1000795523257,428
Brazil,1507.5830614769427,529
Germany,1478.3281811452373,480
Netherlands,1475.2851234435775,422
Portugal,1460.6863648516642,411
Japan,1449.79163743567,523
Morocco,1447.6084652718819,402
Mexico,1422.0274830600924,655
Colombia,1421.8928376085078,449
Belgium,1420.5958905533234,372
Iran,1410.0282890142366,451
Italy,1405.3772329362127,431
Senegal,1399.3179195149041,415
Croatia,1394.4802330341001,376
Uruguay,1379.7804789176744,422
South Korea,1378.181679088622,553
United States,1367.8599334539645,617
Australia,1358.1852936342425,381
Switzerland,1349.765568756604,380
Ecuador,1336.0069322222973,408
Algeria,1322.9577044867362,391
Egypt,1317.120587251256,509
Nigeria,1312.5219382424164,415
Uzbekistan,1306.6558559370187,352
Turkey,1301.9409887396662,395
Denmark,1300.2265598263325,390
Ivory Coast,1298.0015911071555,411
Russia,1275.090969033616,386
Panama,1270.53078710894,400
Canada,1265.4273628985586,329
Ukraine,1255.4829527699262,334
Iraq,1254.5587685861105,431
Austria,1248.283225873313,341
Norway,1238.6279745777838,392
Costa Rica,1238.1816641913358,513
Cameroon,1228.2183133503875,429
Tunisia,1223.6360892847426,452
Sweden,1222.7929486906655,458
Poland,1216.2399801947213,444
Paraguay,1215.3614431965646,395
Jordan,1214.6380650908918,426
Saudi Arabia,1209.0117270665833,575
Qatar,1208.1337814122764,500
New Zealand,1200.2856414090534,232
Serbia,1200.011193150675,346
Czech Republic,1191.8730596065122,359
Wales,1190.9055843798055,307
Scotland,1190.5959835527815,331
Mali,1185.6765537792828,384
Hungary,1184.6114550154055,372
DR Congo,1184.1056153591444,340
Jersey,1183.614419656953,122
Greece,1180.2486110241523,378
Chile,1179.3831370753082,422
South Africa,1178.7741719154324,453
United Arab Emirates,1177.2305718286511,488
Venezuela,1167.4658405538335,365
Peru,1165.5949268914142,387
Burkina Faso,1143.3105079346133,371
Republic of Ireland,1142.6539278039638,378
Slovakia,1137.2708286479142,351
Jamaica,1137.0358455551934,510
Oman,1134.8901035610086,475
Guernsey,1132.583877495161,113
Slovenia,1128.824130459139,315
Ghana,1122.0971709101905,418
Honduras,1117.5232905247537,466
Romania,1115.3541103421494,393
Cape Verde,1113.9087095914701,199
Haiti,1099.4531592641595,297
Guatemala,1096.9283244339226,362
Basque Country,1094.1688886659006,34
Bahrain,1090.7392283493432,462
Padania,1089.7211410988211,45
Yugoslavia,1082.9754890520667,22
China PR,1082.663950880556,442
Syria,1081.3108527116253,370
Isle of Man,1072.7977558616683,58
Thailand,1071.1468258005116,456
Ynys Môn,1070.2235690503283,63
Northern Cyprus,1068.0379315376886,31
Réunion,1063.3417806178677,58
Catalonia,1061.4388780138443,25
Bosnia and Herzegovina,1057.3729455871778,282
Czechoslovakia,1056.6653931504152,40
Kosovo,1056.3028177453432,103
Isle of Wight,1052.709396304385,48
Occitania,1052.0740048931043,33
Angola,1048.5330747821656,348
Abkhazia,1045.9243843994707,33
Andalusia,1039.6594470642892,12
Guinea,1038.123885478064,305
Gabon,1037.4475286697411,313
Albania,1037.070048981672,309
Iraqi Kurdistan,1035.107220290195,27
Kernow,1032.9136244379097,9
Zambia,1030.5322522710255,509
Rhodes,1028.8560995380803,18
Uganda,1026.4129967576282,405
Trinidad and Tobago,1025.6324686070736,460
New Caledonia,1024.5793945097462,152
Palestine,1024.4982554149042,222
Finland,1023.4664272596353,395
Ellan Vannin,1023.4300289217917,22
Georgia,1023.3767306403628,304
Israel,1021.0959959820786,307
County of Nice,1021.0697702090447,9
Kárpátalja,1021.0663616973387,11
Suriname,1020.888161913811,189
Yorkshire,1019.6791280530026,7
German DR,1019.1544169657765,7
Tamil Eelam,1018.9659827593794,28
North Macedonia,1018.8654236762039,305
Kurdistan,1017.4515671610609,5
Artsakh,1015.6116803975038,11
Bolivia,1015.4858839534141,354
Corsica,1015.2116139973193,8
Menorca,1015.1848079253332,25
Galicia,1014.1660437223992,8
Iceland,1013.5355067511408,366
Panjab,1011.7765836092883,19
Arameans Suryoye,1010.5029281601991,10
Maule Sur,1009.903610677614,2
Cascadia,1009.8819094280872,7
Curaçao,1008.5148626910851,175
Canary Islands,1006.2644871695459,4
Brittany,1005.5396705928255,6
Chameria,1005.1190477495446,7
Biafra,1005.0990266568724,3
Surrey,1004.9022676442817,1
Parishes of Jersey,1004.9002586975048,3
Guadeloupe,1004.7045455687007,171
Elba Island,1004.546776860603,1
Quebec,1004.4769389025396,3
Crimea,1004.4185913719184,5
Franconia,1004.0999781303713,3
Tahiti,1003.7773145156673,144
Vietnam,1002.8789143976738,294
Sealand,1002.427747329968,12
Silesia,1001.5419789153884,1
North Korea,1001.1680812867422,275
Donetsk PR,1000.6357991850756,6
Felvidék,1000.4888893103159,12
Matabeleland,1000.1356775249554,8
Mapuche,1000.0479690509799,2
Malaysia,999.9922292547993,367
United Koreans in Japan,999.9125503166719,12
Saugeais,999.8530342201846,1
Délvidék,999.7159865579753,2
Benin,998.5743758155494,240
Kuwait,997.633018807875,469
Åland Islands,996.8502484004839,47
Madrid,995.3352389721815,1
Cilento,995.0523064957922,1
Somaliland,995.0118298707772,6
Seborga,994.9750826859034,1
Ryūkyū,994.9599748626815,1
Yoruba Nation,994.9538396920916,2
Luhansk PR,994.8107952314201,6
West Papua,994.5502769637415,2
East Turkestan,994.3864950269417,5
Hmong,994.3812685518594,3
Republic of St. Pauli,994.3038553711946,4
Palau,994.2338155144773,1
Northern Ireland,991.6290100654076,303
Western Armenia,991.5880259305999,16
Kabylia,990.1463324235422,6
Chechnya,990.0946225791828,3
Aymara,990.0484202714061,2
Tajikistan,989.9311740811306,199
Shetland,989.6850150552675,54
Monaco,989.552639582386,24
Ticino,989.1185966342762,2
Găgăuzia,988.1703300467566,3
Saint Barthélemy,987.789230612252,10
Indonesia,986.7086545856356,344
Romani people,986.3758087359929,7
Gozo,986.0480503790748,14
Marshall Islands,985.603553456563,2
Sápmi,985.4899961630126,29
South Ossetia,984.186369438909,17
Libya,984.0369324235438,248
Fiji,982.6765980191341,177
Provence,982.2867677875363,21
Western Isles,981.9112611076575,34
Western Sahara,980.890622090165,9
Gotland,980.4981571343585,30
Two Sicilies,980.4031661048891,6
Sark,979.9703679820958,4
Mozambique,979.2945324208534,324
Vatican City,978.641125510026,7
Székely Land,977.8366742775108,27
Ambazonia,975.331617118318,6
El Salvador,974.4988154117488,406
Micronesia,972.9211249340163,7
Barawa,971.9678729443724,12
Martinique,971.3584078368148,215
Greenland,968.9478837139101,66
Lebanon,968.9227414507568,300
Kenya,967.6680450314516,385
Wallis Islands and Futuna,966.4430004408198,9
Equatorial Guinea,966.2744189923416,161
Darfur,966.2444756289889,7
Gambia,965.9303280782676,177
Saint Pierre and Miquelon,965.5080581246892,7
Zanzibar,965.2206297773689,102
Saint Helena,963.2624000083015,8
Orkney,963.1597910057836,28
Mayotte,962.5887094890669,38
Dominican Republic,960.9075150252229,150
Chagos Islands,960.8795721589379,16
Raetia,959.3291667431815,26
Kiribati,959.0371600802036,8
Hitra,954.1578622454707,23
Montenegro,951.5838963703678,165
Bulgaria,950.9986082507761,341
Kyrgyzstan,950.4386443191468,187
French Guiana,948.134326698196,136
Guyana,942.7783859757063,184
Solomon Islands,940.8258383871689,176
Papua New Guinea,939.4258325073492,103
Madagascar,938.0635584293947,226
Comoros,937.3463590360153,144
Sierra Leone,934.0478639986054,192
Vanuatu,931.4962808991896,150
Turkmenistan,928.0320587314657,175
Sint Maarten,926.4433962775782,57
Togo,924.7500531799857,306
Puerto Rico,923.1877610944707,121
Zimbabwe,922.6946277831099,364
Tibet,921.7441739811242,21
Saare County,918.6921927198442,35
Tuvalu,916.4556384706231,34
Tanzania,916.1121884351505,368
Rwanda,914.9677839052631,270
Nicaragua,911.8272138566821,176
Sudan,910.764748957755,342
Falkland Islands,910.2856968627648,33
Bonaire,908.5555474382751,43
Malawi,908.5167683571049,375
Frøya,904.7929804889405,37
Namibia,904.7353296246536,278
Mauritania,903.5132203099358,198
Niger,897.2296422313282,197
Saint Martin,896.0548168779092,68
Belarus,895.6656391731118,299
Saint Kitts and Nevis,890.300456425947,213
Bermuda,888.7847618791685,158
Liberia,883.8933757270531,199
Singapore,880.0193660603428,379
Congo,877.0023351214775,236
Northern Mariana Islands,873.1084503834946,30
Philippines,871.1277198960305,248
Guinea-Bissau,869.7045688937001,139
Ethiopia,869.0280562011038,251
Cuba,866.2093396888608,276
Hong Kong,863.9627941583699,251
Botswana,863.9061970077712,313
Burundi,861.1921229233459,201
Armenia,857.5955151427042,269
Saint Vincent and the Grenadines,857.244257700515,173
India,851.863430647637,299
Kazakhstan,849.0061308516271,266
Saint Lucia,841.0408059080634,183
Montserrat,838.4350066778336,66
Central African Republic,837.8477361845312,103
Samoa,837.5229160507861,58
Alderney,828.5060435296043,57
Tonga,827.3434560962731,61
Yemen,825.6317825304423,232
Grenada,825.3958899493596,201
Belize,824.0978416966985,120
Lesotho,822.9470004511828,263
Antigua and Barbuda,818.9389926287392,199
Afghanistan,811.3943826341185,123
Eritrea,809.5187560277751,71
Cook Islands,804.1039659206305,50
Turks and Caicos Islands,802.9394288058162,52
Estonia,799.5959678674251,428
Aruba,793.7398974127707,94
American Samoa,790.1412962804487,48
Dominica,786.8303021749684,149
Azerbaijan,786.3655075150461,307
Barbados,782.360110551317,217
Luxembourg,781.562082702339,289
South Sudan,778.3157971254718,78
Bahamas,772.3383714114054,66
Cayman Islands,769.6166820929118,116
Myanmar,767.682791630257,256
Cyprus,764.0560473319103,309
Eswatini,762.7611955249247,253
Chad,760.7307309721999,109
Latvia,747.0553034766791,351
Mongolia,733.3204958037143,98
Lithuania,732.7522313558387,343
Bangladesh,719.0833400282125,229
São Tomé and Príncipe,713.7752818411101,63
United States Virgin Islands,710.3428459874023,78
Faroe Islands,707.223325875023,261
Mauritius,704.5902286709951,218
Maldives,696.1312286043761,217
Brunei,693.6067726846284,103
British Virgin Islands,691.2499315979552,117
Nepal,687.810529964266,212
Moldova,685.7005364586248,296
Guam,681.5781280583392,115
Somalia,679.7247245660915,86
Taiwan,667.928831232647,150
Cambodia,665.9497848063393,204
Sri Lanka,651.319872282178,208
Anguilla,649.6764311718462,90
Malta,649.0611456535865,336
Laos,642.5788424300562,185
Djibouti,634.3862041830911,95
Pakistan,632.6286512041858,157
Bhutan,617.6884510886573,100
Timor-Leste,611.0734146815051,86
Gibraltar,610.4021731450075,157
Macau,588.7024502949129,121
Seychelles,587.1409477706545,153
Andorra,495.3056346902462,227
Liechtenstein,454.52130149341843,251
San Marino,311.91397414440814,223
